metric,mean,topic,agent_type,ideology,topic2,Agent Type,model
TTR-1,0.1373040752351097,Abortion,default,conservative,Abortion,Non-Plurals,gpt-4o
HDD-1,0.7672968501001818,Abortion,default,conservative,Abortion,Non-Plurals,gpt-4o
TTR-2,0.4158227848101266,Abortion,default,conservative,Abortion,Non-Plurals,gpt-4o
HDD-2,0.9568251957767706,Abortion,default,conservative,Abortion,Non-Plurals,gpt-4o
TTR-3,0.6047923322683706,Abortion,default,conservative,Abortion,Non-Plurals,gpt-4o
HDD-3,0.9798147958104981,Abortion,default,conservative,Abortion,Non-Plurals,gpt-4o
TTR-4,0.7164516129032258,Abortion,default,conservative,Abortion,Non-Plurals,gpt-4o
HDD-4,0.9870279008511594,Abortion,default,conservative,Abortion,Non-Plurals,gpt-4o
TTR-5,0.7892508143322475,Abortion,default,conservative,Abortion,Non-Plurals,gpt-4o
HDD-5,0.9913543640373529,Abortion,default,conservative,Abortion,Non-Plurals,gpt-4o
TTR-1,0.11384615384615385,Abortion,default,liberal,Abortion,Non-Plurals,gpt-4o
HDD-1,0.7757449026734009,Abortion,default,liberal,Abortion,Non-Plurals,gpt-4o
TTR-2,0.3440993788819876,Abortion,default,liberal,Abortion,Non-Plurals,gpt-4o
HDD-2,0.9537666689921891,Abortion,default,liberal,Abortion,Non-Plurals,gpt-4o
TTR-3,0.5228840125391849,Abortion,default,liberal,Abortion,Non-Plurals,gpt-4o
HDD-3,0.9736342953759431,Abortion,default,liberal,Abortion,Non-Plurals,gpt-4o
TTR-4,0.644620253164557,Abortion,default,liberal,Abortion,Non-Plurals,gpt-4o
HDD-4,0.9826133482386084,Abortion,default,liberal,Abortion,Non-Plurals,gpt-4o
TTR-5,0.7319488817891374,Abortion,default,liberal,Abortion,Non-Plurals,gpt-4o
HDD-5,0.9879831567710716,Abortion,default,liberal,Abortion,Non-Plurals,gpt-4o
TTR-1,0.1514854717597127,Abortion,persona,conservative,Abortion,Plurals ANES Persona,gpt-4o
HDD-1,0.7951981638403649,Abortion,persona,conservative,Abortion,Plurals ANES Persona,gpt-4o
TTR-2,0.442466205077481,Abortion,persona,conservative,Abortion,Plurals ANES Persona,gpt-4o
HDD-2,0.9654339707262088,Abortion,persona,conservative,Abortion,Plurals ANES Persona,gpt-4o
TTR-3,0.6366966366966367,Abortion,persona,conservative,Abortion,Plurals ANES Persona,gpt-4o
HDD-3,0.9858336805876867,Abortion,persona,conservative,Abortion,Plurals ANES Persona,gpt-4o
TTR-4,0.7595021863437605,Abortion,persona,conservative,Abortion,Plurals ANES Persona,gpt-4o
HDD-4,0.9925653640614709,Abortion,persona,conservative,Abortion,Plurals ANES Persona,gpt-4o
TTR-5,0.837580699966021,Abortion,persona,conservative,Abortion,Plurals ANES Persona,gpt-4o
HDD-5,0.9956572280951872,Abortion,persona,conservative,Abortion,Plurals ANES Persona,gpt-4o
TTR-1,0.13719711853307137,Abortion,persona,liberal,Abortion,Plurals ANES Persona,gpt-4o
HDD-1,0.7844854762588638,Abortion,persona,liberal,Abortion,Plurals ANES Persona,gpt-4o
TTR-2,0.41865079365079366,Abortion,persona,liberal,Abortion,Plurals ANES Persona,gpt-4o
HDD-2,0.9575413266781979,Abortion,persona,liberal,Abortion,Plurals ANES Persona,gpt-4o
TTR-3,0.5955243820975283,Abortion,persona,liberal,Abortion,Plurals ANES Persona,gpt-4o
HDD-3,0.9783984124738533,Abortion,persona,liberal,Abortion,Plurals ANES Persona,gpt-4o
TTR-4,0.701417004048583,Abortion,persona,liberal,Abortion,Plurals ANES Persona,gpt-4o
HDD-4,0.9875750435315388,Abortion,persona,liberal,Abortion,Plurals ANES Persona,gpt-4o
TTR-5,0.7767552828902522,Abortion,persona,liberal,Abortion,Plurals ANES Persona,gpt-4o
HDD-5,0.9919372352961286,Abortion,persona,liberal,Abortion,Plurals ANES Persona,gpt-4o
TTR-1,0.1271393643031785,Gay Marriage,default,conservative,Gay Marriage,Non-Plurals,gpt-4o
HDD-1,0.776793217033366,Gay Marriage,default,conservative,Gay Marriage,Non-Plurals,gpt-4o
TTR-2,0.41178285009253546,Gay Marriage,default,conservative,Gay Marriage,Non-Plurals,gpt-4o
HDD-2,0.9547910873140176,Gay Marriage,default,conservative,Gay Marriage,Non-Plurals,gpt-4o
TTR-3,0.5958904109589042,Gay Marriage,default,conservative,Gay Marriage,Non-Plurals,gpt-4o
HDD-3,0.9775863491877955,Gay Marriage,default,conservative,Gay Marriage,Non-Plurals,gpt-4o
TTR-4,0.7127592708988058,Gay Marriage,default,conservative,Gay Marriage,Non-Plurals,gpt-4o
HDD-4,0.9858539007616296,Gay Marriage,default,conservative,Gay Marriage,Non-Plurals,gpt-4o
TTR-5,0.7915609137055838,Gay Marriage,default,conservative,Gay Marriage,Non-Plurals,gpt-4o
HDD-5,0.9910404193368807,Gay Marriage,default,conservative,Gay Marriage,Non-Plurals,gpt-4o
TTR-1,0.10505359877488514,Gay Marriage,default,liberal,Gay Marriage,Non-Plurals,gpt-4o
HDD-1,0.7480333235566069,Gay Marriage,default,liberal,Gay Marriage,Non-Plurals,gpt-4o
TTR-2,0.33075734157650694,Gay Marriage,default,liberal,Gay Marriage,Non-Plurals,gpt-4o
HDD-2,0.9394499573310551,Gay Marriage,default,liberal,Gay Marriage,Non-Plurals,gpt-4o
TTR-3,0.4995319812792512,Gay Marriage,default,liberal,Gay Marriage,Non-Plurals,gpt-4o
HDD-3,0.9646244066909875,Gay Marriage,default,liberal,Gay Marriage,Non-Plurals,gpt-4o
TTR-4,0.6047244094488189,Gay Marriage,default,liberal,Gay Marriage,Non-Plurals,gpt-4o
HDD-4,0.9737603622545192,Gay Marriage,default,liberal,Gay Marriage,Non-Plurals,gpt-4o
TTR-5,0.6845786963434022,Gay Marriage,default,liberal,Gay Marriage,Non-Plurals,gpt-4o
HDD-5,0.9795073262009834,Gay Marriage,default,liberal,Gay Marriage,Non-Plurals,gpt-4o
TTR-1,0.145203679369251,Gay Marriage,persona,conservative,Gay Marriage,Plurals ANES Persona,gpt-4o
HDD-1,0.7933626177681471,Gay Marriage,persona,conservative,Gay Marriage,Plurals ANES Persona,gpt-4o
TTR-2,0.46051758460517583,Gay Marriage,persona,conservative,Gay Marriage,Plurals ANES Persona,gpt-4o
HDD-2,0.9638124358301616,Gay Marriage,persona,conservative,Gay Marriage,Plurals ANES Persona,gpt-4o
TTR-3,0.6484584450402144,Gay Marriage,persona,conservative,Gay Marriage,Plurals ANES Persona,gpt-4o
HDD-3,0.9821276590774001,Gay Marriage,persona,conservative,Gay Marriage,Plurals ANES Persona,gpt-4o
TTR-4,0.7566012186865267,Gay Marriage,persona,conservative,Gay Marriage,Plurals ANES Persona,gpt-4o
HDD-4,0.9881715756699735,Gay Marriage,persona,conservative,Gay Marriage,Plurals ANES Persona,gpt-4o
TTR-5,0.8218194254445964,Gay Marriage,persona,conservative,Gay Marriage,Plurals ANES Persona,gpt-4o
HDD-5,0.991511006384143,Gay Marriage,persona,conservative,Gay Marriage,Plurals ANES Persona,gpt-4o
TTR-1,0.1330188679245283,Gay Marriage,persona,liberal,Gay Marriage,Plurals ANES Persona,gpt-4o
HDD-1,0.758365183141083,Gay Marriage,persona,liberal,Gay Marriage,Plurals ANES Persona,gpt-4o
TTR-2,0.38603174603174606,Gay Marriage,persona,liberal,Gay Marriage,Plurals ANES Persona,gpt-4o
HDD-2,0.9347582170576741,Gay Marriage,persona,liberal,Gay Marriage,Plurals ANES Persona,gpt-4o
TTR-3,0.5461538461538461,Gay Marriage,persona,liberal,Gay Marriage,Plurals ANES Persona,gpt-4o
HDD-3,0.9594561846565315,Gay Marriage,persona,liberal,Gay Marriage,Plurals ANES Persona,gpt-4o
TTR-4,0.643042071197411,Gay Marriage,persona,liberal,Gay Marriage,Plurals ANES Persona,gpt-4o
HDD-4,0.9683449564478647,Gay Marriage,persona,liberal,Gay Marriage,Plurals ANES Persona,gpt-4o
TTR-5,0.704248366013072,Gay Marriage,persona,liberal,Gay Marriage,Plurals ANES Persona,gpt-4o
HDD-5,0.9746749650357166,Gay Marriage,persona,liberal,Gay Marriage,Plurals ANES Persona,gpt-4o
TTR-1,0.1366810774858663,Gun Control,default,conservative,Gun Control,Non-Plurals,gpt-4o
HDD-1,0.8104035588226085,Gun Control,default,conservative,Gun Control,Non-Plurals,gpt-4o
TTR-2,0.3745381256298287,Gun Control,default,conservative,Gun Control,Non-Plurals,gpt-4o
HDD-2,0.9412831286074973,Gun Control,default,conservative,Gun Control,Non-Plurals,gpt-4o
TTR-3,0.5337631489650492,Gun Control,default,conservative,Gun Control,Non-Plurals,gpt-4o
HDD-3,0.9608030253441234,Gun Control,default,conservative,Gun Control,Non-Plurals,gpt-4o
TTR-4,0.6324991429550908,Gun Control,default,conservative,Gun Control,Non-Plurals,gpt-4o
HDD-4,0.9692121807548494,Gun Control,default,conservative,Gun Control,Non-Plurals,gpt-4o
TTR-5,0.6962244544509871,Gun Control,default,conservative,Gun Control,Non-Plurals,gpt-4o
HDD-5,0.9741848249505235,Gun Control,default,conservative,Gun Control,Non-Plurals,gpt-4o
TTR-1,0.12188006482982172,Gun Control,default,liberal,Gun Control,Non-Plurals,gpt-4o
HDD-1,0.7942703910117509,Gun Control,default,liberal,Gun Control,Non-Plurals,gpt-4o
TTR-2,0.3315875613747954,Gun Control,default,liberal,Gun Control,Non-Plurals,gpt-4o
HDD-2,0.9290171425638694,Gun Control,default,liberal,Gun Control,Non-Plurals,gpt-4o
TTR-3,0.46710743801652893,Gun Control,default,liberal,Gun Control,Non-Plurals,gpt-4o
HDD-3,0.9482438948747713,Gun Control,default,liberal,Gun Control,Non-Plurals,gpt-4o
TTR-4,0.5599332220367279,Gun Control,default,liberal,Gun Control,Non-Plurals,gpt-4o
HDD-4,0.957376332412258,Gun Control,default,liberal,Gun Control,Non-Plurals,gpt-4o
TTR-5,0.6256323777403036,Gun Control,default,liberal,Gun Control,Non-Plurals,gpt-4o
HDD-5,0.9626963704841516,Gun Control,default,liberal,Gun Control,Non-Plurals,gpt-4o
TTR-1,0.15634415801807833,Gun Control,persona,conservative,Gun Control,Plurals ANES Persona,gpt-4o
HDD-1,0.828554887528678,Gun Control,persona,conservative,Gun Control,Plurals ANES Persona,gpt-4o
TTR-2,0.46060196144741294,Gun Control,persona,conservative,Gun Control,Plurals ANES Persona,gpt-4o
HDD-2,0.9672635553277318,Gun Control,persona,conservative,Gun Control,Plurals ANES Persona,gpt-4o
TTR-3,0.640245985650837,Gun Control,persona,conservative,Gun Control,Plurals ANES Persona,gpt-4o
HDD-3,0.984419873286099,Gun Control,persona,conservative,Gun Control,Plurals ANES Persona,gpt-4o
TTR-4,0.74283741801864,Gun Control,persona,conservative,Gun Control,Plurals ANES Persona,gpt-4o
HDD-4,0.9905695539259394,Gun Control,persona,conservative,Gun Control,Plurals ANES Persona,gpt-4o
TTR-5,0.807813044994768,Gun Control,persona,conservative,Gun Control,Plurals ANES Persona,gpt-4o
HDD-5,0.9937866893812195,Gun Control,persona,conservative,Gun Control,Plurals ANES Persona,gpt-4o
TTR-1,0.14895666131621188,Gun Control,persona,liberal,Gun Control,Plurals ANES Persona,gpt-4o
HDD-1,0.826291864191465,Gun Control,persona,liberal,Gun Control,Plurals ANES Persona,gpt-4o
TTR-2,0.41750405186385736,Gun Control,persona,liberal,Gun Control,Plurals ANES Persona,gpt-4o
HDD-2,0.9574391964368456,Gun Control,persona,liberal,Gun Control,Plurals ANES Persona,gpt-4o
TTR-3,0.5901800327332242,Gun Control,persona,liberal,Gun Control,Plurals ANES Persona,gpt-4o
HDD-3,0.9751990294371048,Gun Control,persona,liberal,Gun Control,Plurals ANES Persona,gpt-4o
TTR-4,0.6968595041322314,Gun Control,persona,liberal,Gun Control,Plurals ANES Persona,gpt-4o
HDD-4,0.9829512056132873,Gun Control,persona,liberal,Gun Control,Plurals ANES Persona,gpt-4o
TTR-5,0.7676126878130217,Gun Control,persona,liberal,Gun Control,Plurals ANES Persona,gpt-4o
HDD-5,0.9872558751702704,Gun Control,persona,liberal,Gun Control,Plurals ANES Persona,gpt-4o
TTR-1,0.13573573573573575,LGBT Adoption Rights,default,conservative,"LGBT Adoption
Rights",Non-Plurals,gpt-4o
HDD-1,0.7752348236882551,LGBT Adoption Rights,default,conservative,"LGBT Adoption
Rights",Non-Plurals,gpt-4o
TTR-2,0.39181818181818184,LGBT Adoption Rights,default,conservative,"LGBT Adoption
Rights",Non-Plurals,gpt-4o
HDD-2,0.9545314676654897,LGBT Adoption Rights,default,conservative,"LGBT Adoption
Rights",Non-Plurals,gpt-4o
TTR-3,0.5688073394495413,LGBT Adoption Rights,default,conservative,"LGBT Adoption
Rights",Non-Plurals,gpt-4o
HDD-3,0.9769629791208424,LGBT Adoption Rights,default,conservative,"LGBT Adoption
Rights",Non-Plurals,gpt-4o
TTR-4,0.667283950617284,LGBT Adoption Rights,default,conservative,"LGBT Adoption
Rights",Non-Plurals,gpt-4o
HDD-4,0.9835921028952594,LGBT Adoption Rights,default,conservative,"LGBT Adoption
Rights",Non-Plurals,gpt-4o
TTR-5,0.7386292834890966,LGBT Adoption Rights,default,conservative,"LGBT Adoption
Rights",Non-Plurals,gpt-4o
HDD-5,0.9873979437150469,LGBT Adoption Rights,default,conservative,"LGBT Adoption
Rights",Non-Plurals,gpt-4o
TTR-1,0.10545236668663871,LGBT Adoption Rights,default,liberal,"LGBT Adoption
Rights",Non-Plurals,gpt-4o
HDD-1,0.7589353176803717,LGBT Adoption Rights,default,liberal,"LGBT Adoption
Rights",Non-Plurals,gpt-4o
TTR-2,0.2950423216444982,LGBT Adoption Rights,default,liberal,"LGBT Adoption
Rights",Non-Plurals,gpt-4o
HDD-2,0.9272307858894633,LGBT Adoption Rights,default,liberal,"LGBT Adoption
Rights",Non-Plurals,gpt-4o
TTR-3,0.4368517388651617,LGBT Adoption Rights,default,liberal,"LGBT Adoption
Rights",Non-Plurals,gpt-4o
HDD-3,0.9567486014812504,LGBT Adoption Rights,default,liberal,"LGBT Adoption
Rights",Non-Plurals,gpt-4o
TTR-4,0.5243226600985221,LGBT Adoption Rights,default,liberal,"LGBT Adoption
Rights",Non-Plurals,gpt-4o
HDD-4,0.9653623683034902,LGBT Adoption Rights,default,liberal,"LGBT Adoption
Rights",Non-Plurals,gpt-4o
TTR-5,0.598508390304537,LGBT Adoption Rights,default,liberal,"LGBT Adoption
Rights",Non-Plurals,gpt-4o
HDD-5,0.9713931051841505,LGBT Adoption Rights,default,liberal,"LGBT Adoption
Rights",Non-Plurals,gpt-4o
TTR-1,0.14836520666255398,LGBT Adoption Rights,persona,conservative,"LGBT Adoption
Rights",Plurals ANES Persona,gpt-4o
HDD-1,0.7927081196583625,LGBT Adoption Rights,persona,conservative,"LGBT Adoption
Rights",Plurals ANES Persona,gpt-4o
TTR-2,0.4663760896637609,LGBT Adoption Rights,persona,conservative,"LGBT Adoption
Rights",Plurals ANES Persona,gpt-4o
HDD-2,0.9673875850731248,LGBT Adoption Rights,persona,conservative,"LGBT Adoption
Rights",Plurals ANES Persona,gpt-4o
TTR-3,0.6841609050911377,LGBT Adoption Rights,persona,conservative,"LGBT Adoption
Rights",Plurals ANES Persona,gpt-4o
HDD-3,0.9867702742918745,LGBT Adoption Rights,persona,conservative,"LGBT Adoption
Rights",Plurals ANES Persona,gpt-4o
TTR-4,0.7934644670050761,LGBT Adoption Rights,persona,conservative,"LGBT Adoption
Rights",Plurals ANES Persona,gpt-4o
HDD-4,0.9924304887936347,LGBT Adoption Rights,persona,conservative,"LGBT Adoption
Rights",Plurals ANES Persona,gpt-4o
TTR-5,0.8558616271620756,LGBT Adoption Rights,persona,conservative,"LGBT Adoption
Rights",Plurals ANES Persona,gpt-4o
HDD-5,0.9951214277760388,LGBT Adoption Rights,persona,conservative,"LGBT Adoption
Rights",Plurals ANES Persona,gpt-4o
TTR-1,0.1167927382753404,LGBT Adoption Rights,persona,liberal,"LGBT Adoption
Rights",Plurals ANES Persona,gpt-4o
HDD-1,0.7753123271088443,LGBT Adoption Rights,persona,liberal,"LGBT Adoption
Rights",Plurals ANES Persona,gpt-4o
TTR-2,0.3615267175572519,LGBT Adoption Rights,persona,liberal,"LGBT Adoption
Rights",Plurals ANES Persona,gpt-4o
HDD-2,0.9437683293010324,LGBT Adoption Rights,persona,liberal,"LGBT Adoption
Rights",Plurals ANES Persona,gpt-4o
TTR-3,0.5349768875192604,LGBT Adoption Rights,persona,liberal,"LGBT Adoption
Rights",Plurals ANES Persona,gpt-4o
HDD-3,0.9683475893754925,LGBT Adoption Rights,persona,liberal,"LGBT Adoption
Rights",Plurals ANES Persona,gpt-4o
TTR-4,0.645412130637636,LGBT Adoption Rights,persona,liberal,"LGBT Adoption
Rights",Plurals ANES Persona,gpt-4o
HDD-4,0.975857122540859,LGBT Adoption Rights,persona,liberal,"LGBT Adoption
Rights",Plurals ANES Persona,gpt-4o
TTR-5,0.7215070643642072,LGBT Adoption Rights,persona,liberal,"LGBT Adoption
Rights",Plurals ANES Persona,gpt-4o
HDD-5,0.9801467274796847,LGBT Adoption Rights,persona,liberal,"LGBT Adoption
Rights",Plurals ANES Persona,gpt-4o
TTR-1,0.12465846994535519,Abortion,default,conservative,Abortion,Non-Plurals,claude-sonnet
HDD-1,0.7876643388141785,Abortion,default,conservative,Abortion,Non-Plurals,claude-sonnet
TTR-2,0.34023464458247066,Abortion,default,conservative,Abortion,Non-Plurals,claude-sonnet
HDD-2,0.9387318409716995,Abortion,default,conservative,Abortion,Non-Plurals,claude-sonnet
TTR-3,0.4811715481171548,Abortion,default,conservative,Abortion,Non-Plurals,claude-sonnet
HDD-3,0.9603740158767697,Abortion,default,conservative,Abortion,Non-Plurals,claude-sonnet
TTR-4,0.569415081042988,Abortion,default,conservative,Abortion,Non-Plurals,claude-sonnet
HDD-4,0.970771114848633,Abortion,default,conservative,Abortion,Non-Plurals,claude-sonnet
TTR-5,0.6371082621082621,Abortion,default,conservative,Abortion,Non-Plurals,claude-sonnet
HDD-5,0.9787540258061325,Abortion,default,conservative,Abortion,Non-Plurals,claude-sonnet
TTR-1,0.12028218694885362,Abortion,default,liberal,Abortion,Non-Plurals,claude-sonnet
HDD-1,0.7769027210392893,Abortion,default,liberal,Abortion,Non-Plurals,claude-sonnet
TTR-2,0.33832442067736185,Abortion,default,liberal,Abortion,Non-Plurals,claude-sonnet
HDD-2,0.9318785935231679,Abortion,default,liberal,Abortion,Non-Plurals,claude-sonnet
TTR-3,0.47855855855855856,Abortion,default,liberal,Abortion,Non-Plurals,claude-sonnet
HDD-3,0.9541672186642682,Abortion,default,liberal,Abortion,Non-Plurals,claude-sonnet
TTR-4,0.5693989071038251,Abortion,default,liberal,Abortion,Non-Plurals,claude-sonnet
HDD-4,0.9648612742261293,Abortion,default,liberal,Abortion,Non-Plurals,claude-sonnet
TTR-5,0.6349907918968692,Abortion,default,liberal,Abortion,Non-Plurals,claude-sonnet
HDD-5,0.9730802539357388,Abortion,default,liberal,Abortion,Non-Plurals,claude-sonnet
TTR-1,0.14794007490636704,Abortion,persona,conservative,Abortion,Plurals ANES Persona,claude-sonnet
HDD-1,0.8014465810529093,Abortion,persona,conservative,Abortion,Plurals ANES Persona,claude-sonnet
TTR-2,0.43194706994328924,Abortion,persona,conservative,Abortion,Plurals ANES Persona,claude-sonnet
HDD-2,0.9594831164770347,Abortion,persona,conservative,Abortion,Plurals ANES Persona,claude-sonnet
TTR-3,0.5998727735368957,Abortion,persona,conservative,Abortion,Plurals ANES Persona,claude-sonnet
HDD-3,0.9790343678364964,Abortion,persona,conservative,Abortion,Plurals ANES Persona,claude-sonnet
TTR-4,0.7010276172125883,Abortion,persona,conservative,Abortion,Plurals ANES Persona,claude-sonnet
HDD-4,0.9861704398447637,Abortion,persona,conservative,Abortion,Plurals ANES Persona,claude-sonnet
TTR-5,0.7746433203631647,Abortion,persona,conservative,Abortion,Plurals ANES Persona,claude-sonnet
HDD-5,0.9908540795127496,Abortion,persona,conservative,Abortion,Plurals ANES Persona,claude-sonnet
TTR-1,0.1329036218538981,Abortion,persona,liberal,Abortion,Plurals ANES Persona,claude-sonnet
HDD-1,0.804024246658744,Abortion,persona,liberal,Abortion,Plurals ANES Persona,claude-sonnet
TTR-2,0.38011152416356875,Abortion,persona,liberal,Abortion,Plurals ANES Persona,claude-sonnet
HDD-2,0.9592645508780956,Abortion,persona,liberal,Abortion,Plurals ANES Persona,claude-sonnet
TTR-3,0.5212632895559725,Abortion,persona,liberal,Abortion,Plurals ANES Persona,claude-sonnet
HDD-3,0.9753283308136247,Abortion,persona,liberal,Abortion,Plurals ANES Persona,claude-sonnet
TTR-4,0.6171085858585859,Abortion,persona,liberal,Abortion,Plurals ANES Persona,claude-sonnet
HDD-4,0.9824657699086605,Abortion,persona,liberal,Abortion,Plurals ANES Persona,claude-sonnet
TTR-5,0.6873804971319312,Abortion,persona,liberal,Abortion,Plurals ANES Persona,claude-sonnet
HDD-5,0.9866893398908492,Abortion,persona,liberal,Abortion,Plurals ANES Persona,claude-sonnet
TTR-1,0.10907924286172602,Gay Marriage,default,conservative,Gay Marriage,Non-Plurals,claude-sonnet
HDD-1,0.7512231239270493,Gay Marriage,default,conservative,Gay Marriage,Non-Plurals,claude-sonnet
TTR-2,0.3197278911564626,Gay Marriage,default,conservative,Gay Marriage,Non-Plurals,claude-sonnet
HDD-2,0.9345595099618105,Gay Marriage,default,conservative,Gay Marriage,Non-Plurals,claude-sonnet
TTR-3,0.46189074255806345,Gay Marriage,default,conservative,Gay Marriage,Non-Plurals,claude-sonnet
HDD-3,0.9675227087944198,Gay Marriage,default,conservative,Gay Marriage,Non-Plurals,claude-sonnet
TTR-4,0.5546745953088866,Gay Marriage,default,conservative,Gay Marriage,Non-Plurals,claude-sonnet
HDD-4,0.9771853500114097,Gay Marriage,default,conservative,Gay Marriage,Non-Plurals,claude-sonnet
TTR-5,0.6229562896229562,Gay Marriage,default,conservative,Gay Marriage,Non-Plurals,claude-sonnet
HDD-5,0.9829974447089296,Gay Marriage,default,conservative,Gay Marriage,Non-Plurals,claude-sonnet
TTR-1,0.10442935661170384,Gay Marriage,default,liberal,Gay Marriage,Non-Plurals,claude-sonnet
HDD-1,0.7345742769390812,Gay Marriage,default,liberal,Gay Marriage,Non-Plurals,claude-sonnet
TTR-2,0.2941560561540973,Gay Marriage,default,liberal,Gay Marriage,Non-Plurals,claude-sonnet
HDD-2,0.924450333669497,Gay Marriage,default,liberal,Gay Marriage,Non-Plurals,claude-sonnet
TTR-3,0.41938674579624136,Gay Marriage,default,liberal,Gay Marriage,Non-Plurals,claude-sonnet
HDD-3,0.9558771515921769,Gay Marriage,default,liberal,Gay Marriage,Non-Plurals,claude-sonnet
TTR-4,0.5008325008325009,Gay Marriage,default,liberal,Gay Marriage,Non-Plurals,claude-sonnet
HDD-4,0.9653918494230285,Gay Marriage,default,liberal,Gay Marriage,Non-Plurals,claude-sonnet
TTR-5,0.5593676421123445,Gay Marriage,default,liberal,Gay Marriage,Non-Plurals,claude-sonnet
HDD-5,0.9712555419160422,Gay Marriage,default,liberal,Gay Marriage,Non-Plurals,claude-sonnet
TTR-1,0.16193181818181818,Gay Marriage,persona,conservative,Gay Marriage,Plurals ANES Persona,claude-sonnet
HDD-1,0.8069924580047522,Gay Marriage,persona,conservative,Gay Marriage,Plurals ANES Persona,claude-sonnet
TTR-2,0.45251752708731674,Gay Marriage,persona,conservative,Gay Marriage,Plurals ANES Persona,claude-sonnet
HDD-2,0.9607392562947857,Gay Marriage,persona,conservative,Gay Marriage,Plurals ANES Persona,claude-sonnet
TTR-3,0.6235521235521235,Gay Marriage,persona,conservative,Gay Marriage,Plurals ANES Persona,claude-sonnet
HDD-3,0.979054866703024,Gay Marriage,persona,conservative,Gay Marriage,Plurals ANES Persona,claude-sonnet
TTR-4,0.716374269005848,Gay Marriage,persona,conservative,Gay Marriage,Plurals ANES Persona,claude-sonnet
HDD-4,0.9864161571942041,Gay Marriage,persona,conservative,Gay Marriage,Plurals ANES Persona,claude-sonnet
TTR-5,0.7765748031496063,Gay Marriage,persona,conservative,Gay Marriage,Plurals ANES Persona,claude-sonnet
HDD-5,0.989802877237151,Gay Marriage,persona,conservative,Gay Marriage,Plurals ANES Persona,claude-sonnet
TTR-1,0.1529815797689666,Gay Marriage,persona,liberal,Gay Marriage,Plurals ANES Persona,claude-sonnet
HDD-1,0.7937983170322648,Gay Marriage,persona,liberal,Gay Marriage,Plurals ANES Persona,claude-sonnet
TTR-2,0.42546485975417586,Gay Marriage,persona,liberal,Gay Marriage,Plurals ANES Persona,claude-sonnet
HDD-2,0.9531750709973025,Gay Marriage,persona,liberal,Gay Marriage,Plurals ANES Persona,claude-sonnet
TTR-3,0.5672923958001909,Gay Marriage,persona,liberal,Gay Marriage,Plurals ANES Persona,claude-sonnet
HDD-3,0.9711541576533659,Gay Marriage,persona,liberal,Gay Marriage,Plurals ANES Persona,claude-sonnet
TTR-4,0.6514616125923547,Gay Marriage,persona,liberal,Gay Marriage,Plurals ANES Persona,claude-sonnet
HDD-4,0.9776335260712947,Gay Marriage,persona,liberal,Gay Marriage,Plurals ANES Persona,claude-sonnet
TTR-5,0.7119688614985403,Gay Marriage,persona,liberal,Gay Marriage,Plurals ANES Persona,claude-sonnet
HDD-5,0.9822068398740749,Gay Marriage,persona,liberal,Gay Marriage,Plurals ANES Persona,claude-sonnet
TTR-1,0.13636363636363635,Gun Control,default,conservative,Gun Control,Non-Plurals,claude-sonnet
HDD-1,0.8014782591905488,Gun Control,default,conservative,Gun Control,Non-Plurals,claude-sonnet
TTR-2,0.3338119167264896,Gun Control,default,conservative,Gun Control,Non-Plurals,claude-sonnet
HDD-2,0.929171549619596,Gun Control,default,conservative,Gun Control,Non-Plurals,claude-sonnet
TTR-3,0.44702467343976776,Gun Control,default,conservative,Gun Control,Non-Plurals,claude-sonnet
HDD-3,0.9542501049182383,Gun Control,default,conservative,Gun Control,Non-Plurals,claude-sonnet
TTR-4,0.5212765957446809,Gun Control,default,conservative,Gun Control,Non-Plurals,claude-sonnet
HDD-4,0.9668723373695995,Gun Control,default,conservative,Gun Control,Non-Plurals,claude-sonnet
TTR-5,0.5801186943620178,Gun Control,default,conservative,Gun Control,Non-Plurals,claude-sonnet
HDD-5,0.9753737136320311,Gun Control,default,conservative,Gun Control,Non-Plurals,claude-sonnet
TTR-1,0.1390728476821192,Gun Control,default,liberal,Gun Control,Non-Plurals,claude-sonnet
HDD-1,0.8078326911656439,Gun Control,default,liberal,Gun Control,Non-Plurals,claude-sonnet
TTR-2,0.3754843254667136,Gun Control,default,liberal,Gun Control,Non-Plurals,claude-sonnet
HDD-2,0.9458075305716852,Gun Control,default,liberal,Gun Control,Non-Plurals,claude-sonnet
TTR-3,0.5268778924884301,Gun Control,default,liberal,Gun Control,Non-Plurals,claude-sonnet
HDD-3,0.9693540120015772,Gun Control,default,liberal,Gun Control,Non-Plurals,claude-sonnet
TTR-4,0.6221662468513854,Gun Control,default,liberal,Gun Control,Non-Plurals,claude-sonnet
HDD-4,0.9792777651279194,Gun Control,default,liberal,Gun Control,Non-Plurals,claude-sonnet
TTR-5,0.7020734812659148,Gun Control,default,liberal,Gun Control,Non-Plurals,claude-sonnet
HDD-5,0.9858691674075584,Gun Control,default,liberal,Gun Control,Non-Plurals,claude-sonnet
TTR-1,0.15214564369310793,Gun Control,persona,conservative,Gun Control,Plurals ANES Persona,claude-sonnet
HDD-1,0.8312651420857746,Gun Control,persona,conservative,Gun Control,Plurals ANES Persona,claude-sonnet
TTR-2,0.42022324359816154,Gun Control,persona,conservative,Gun Control,Plurals ANES Persona,claude-sonnet
HDD-2,0.9600513668103522,Gun Control,persona,conservative,Gun Control,Plurals ANES Persona,claude-sonnet
TTR-3,0.5699602122015915,Gun Control,persona,conservative,Gun Control,Plurals ANES Persona,claude-sonnet
HDD-3,0.97619657241349,Gun Control,persona,conservative,Gun Control,Plurals ANES Persona,claude-sonnet
TTR-4,0.6614199598124582,Gun Control,persona,conservative,Gun Control,Plurals ANES Persona,claude-sonnet
HDD-4,0.9836209044010286,Gun Control,persona,conservative,Gun Control,Plurals ANES Persona,claude-sonnet
TTR-5,0.7283491204330176,Gun Control,persona,conservative,Gun Control,Plurals ANES Persona,claude-sonnet
HDD-5,0.9879001278147064,Gun Control,persona,conservative,Gun Control,Plurals ANES Persona,claude-sonnet
TTR-1,0.19915392124959322,Gun Control,persona,liberal,Gun Control,Plurals ANES Persona,claude-sonnet
HDD-1,0.8513745625835096,Gun Control,persona,liberal,Gun Control,Plurals ANES Persona,claude-sonnet
TTR-2,0.5307262569832403,Gun Control,persona,liberal,Gun Control,Plurals ANES Persona,claude-sonnet
HDD-2,0.9739463549705071,Gun Control,persona,liberal,Gun Control,Plurals ANES Persona,claude-sonnet
TTR-3,0.7185529372718221,Gun Control,persona,liberal,Gun Control,Plurals ANES Persona,claude-sonnet
HDD-3,0.9888412771107788,Gun Control,persona,liberal,Gun Control,Plurals ANES Persona,claude-sonnet
TTR-4,0.821656050955414,Gun Control,persona,liberal,Gun Control,Plurals ANES Persona,claude-sonnet
HDD-4,0.99455832337723,Gun Control,persona,liberal,Gun Control,Plurals ANES Persona,claude-sonnet
TTR-5,0.8824923806298679,Gun Control,persona,liberal,Gun Control,Plurals ANES Persona,claude-sonnet
HDD-5,0.9969742938133939,Gun Control,persona,liberal,Gun Control,Plurals ANES Persona,claude-sonnet
TTR-1,0.10145429362880887,LGBT Adoption Rights,default,conservative,"LGBT Adoption
Rights",Non-Plurals,claude-sonnet
HDD-1,0.7693122821045789,LGBT Adoption Rights,default,conservative,"LGBT Adoption
Rights",Non-Plurals,claude-sonnet
TTR-2,0.24877536738978306,LGBT Adoption Rights,default,conservative,"LGBT Adoption
Rights",Non-Plurals,claude-sonnet
HDD-2,0.9138557993384543,LGBT Adoption Rights,default,conservative,"LGBT Adoption
Rights",Non-Plurals,claude-sonnet
TTR-3,0.34476661951909476,LGBT Adoption Rights,default,conservative,"LGBT Adoption
Rights",Non-Plurals,claude-sonnet
HDD-3,0.9400091265387165,LGBT Adoption Rights,default,conservative,"LGBT Adoption
Rights",Non-Plurals,claude-sonnet
TTR-4,0.412794853466762,LGBT Adoption Rights,default,conservative,"LGBT Adoption
Rights",Non-Plurals,claude-sonnet
HDD-4,0.9511573530820262,LGBT Adoption Rights,default,conservative,"LGBT Adoption
Rights",Non-Plurals,claude-sonnet
TTR-5,0.4671242774566474,LGBT Adoption Rights,default,conservative,"LGBT Adoption
Rights",Non-Plurals,claude-sonnet
HDD-5,0.9586050115613988,LGBT Adoption Rights,default,conservative,"LGBT Adoption
Rights",Non-Plurals,claude-sonnet
TTR-1,0.06851604278074866,LGBT Adoption Rights,default,liberal,"LGBT Adoption
Rights",Non-Plurals,claude-sonnet
HDD-1,0.7497342880170471,LGBT Adoption Rights,default,liberal,"LGBT Adoption
Rights",Non-Plurals,claude-sonnet
TTR-2,0.1839972991222147,LGBT Adoption Rights,default,liberal,"LGBT Adoption
Rights",Non-Plurals,claude-sonnet
HDD-2,0.8965318482492362,LGBT Adoption Rights,default,liberal,"LGBT Adoption
Rights",Non-Plurals,claude-sonnet
TTR-3,0.26330150068212826,LGBT Adoption Rights,default,liberal,"LGBT Adoption
Rights",Non-Plurals,claude-sonnet
HDD-3,0.9199875392257763,LGBT Adoption Rights,default,liberal,"LGBT Adoption
Rights",Non-Plurals,claude-sonnet
TTR-4,0.32563749138525155,LGBT Adoption Rights,default,liberal,"LGBT Adoption
Rights",Non-Plurals,claude-sonnet
HDD-4,0.9307180950093602,LGBT Adoption Rights,default,liberal,"LGBT Adoption
Rights",Non-Plurals,claude-sonnet
TTR-5,0.3788300835654596,LGBT Adoption Rights,default,liberal,"LGBT Adoption
Rights",Non-Plurals,claude-sonnet
HDD-5,0.9385028027394648,LGBT Adoption Rights,default,liberal,"LGBT Adoption
Rights",Non-Plurals,claude-sonnet
TTR-1,0.16095331374469474,LGBT Adoption Rights,persona,conservative,"LGBT Adoption
Rights",Plurals ANES Persona,claude-sonnet
HDD-1,0.8202886013228141,LGBT Adoption Rights,persona,conservative,"LGBT Adoption
Rights",Plurals ANES Persona,claude-sonnet
TTR-2,0.45961094625783055,LGBT Adoption Rights,persona,conservative,"LGBT Adoption
Rights",Plurals ANES Persona,claude-sonnet
HDD-2,0.9568165011892346,LGBT Adoption Rights,persona,conservative,"LGBT Adoption
Rights",Plurals ANES Persona,claude-sonnet
TTR-3,0.621045621045621,LGBT Adoption Rights,persona,conservative,"LGBT Adoption
Rights",Plurals ANES Persona,claude-sonnet
HDD-3,0.9726563187038925,LGBT Adoption Rights,persona,conservative,"LGBT Adoption
Rights",Plurals ANES Persona,claude-sonnet
TTR-4,0.7026572485704675,LGBT Adoption Rights,persona,conservative,"LGBT Adoption
Rights",Plurals ANES Persona,claude-sonnet
HDD-4,0.9789630685400568,LGBT Adoption Rights,persona,conservative,"LGBT Adoption
Rights",Plurals ANES Persona,claude-sonnet
TTR-5,0.7533129459734964,LGBT Adoption Rights,persona,conservative,"LGBT Adoption
Rights",Plurals ANES Persona,claude-sonnet
HDD-5,0.9823960910676619,LGBT Adoption Rights,persona,conservative,"LGBT Adoption
Rights",Plurals ANES Persona,claude-sonnet
TTR-1,0.10340314136125654,LGBT Adoption Rights,persona,liberal,"LGBT Adoption
Rights",Plurals ANES Persona,claude-sonnet
HDD-1,0.7791772015744923,LGBT Adoption Rights,persona,liberal,"LGBT Adoption
Rights",Plurals ANES Persona,claude-sonnet
TTR-2,0.3053536021150033,LGBT Adoption Rights,persona,liberal,"LGBT Adoption
Rights",Plurals ANES Persona,claude-sonnet
HDD-2,0.9371745164328605,LGBT Adoption Rights,persona,liberal,"LGBT Adoption
Rights",Plurals ANES Persona,claude-sonnet
TTR-3,0.44192256341789055,LGBT Adoption Rights,persona,liberal,"LGBT Adoption
Rights",Plurals ANES Persona,claude-sonnet
HDD-3,0.9629418200159093,LGBT Adoption Rights,persona,liberal,"LGBT Adoption
Rights",Plurals ANES Persona,claude-sonnet
TTR-4,0.5360755225893459,LGBT Adoption Rights,persona,liberal,"LGBT Adoption
Rights",Plurals ANES Persona,claude-sonnet
HDD-4,0.9736178943985049,LGBT Adoption Rights,persona,liberal,"LGBT Adoption
Rights",Plurals ANES Persona,claude-sonnet
TTR-5,0.6055858310626703,LGBT Adoption Rights,persona,liberal,"LGBT Adoption
Rights",Plurals ANES Persona,claude-sonnet
HDD-5,0.9797509304277147,LGBT Adoption Rights,persona,liberal,"LGBT Adoption
Rights",Plurals ANES Persona,claude-sonnet
